round,step,metric,value
1,85,episode_reward,-450.34518
1,85,episode_length,85
1,88,episode_reward,-363.755522
1,88,episode_length,88
1,91,episode_reward,-605.447932
1,91,episode_length,91
1,96,episode_reward,-222.797184
1,96,episode_length,96
1,97,episode_reward,-293.082924
1,97,episode_length,97
1,103,episode_reward,-498.204431
1,103,episode_length,103
1,105,episode_reward,-550.435677
1,105,episode_length,105
1,107,episode_reward,-341.827898
1,107,episode_length,107
1,107,episode_reward,-236.099435
1,107,episode_length,107
1,108,episode_reward,-344.503194
1,108,episode_length,108
1,109,episode_reward,-146.897444
1,109,episode_length,109
1,112,episode_reward,-609.463152
1,112,episode_length,112
1,112,episode_reward,-594.238802
1,112,episode_length,112
1,114,episode_reward,-729.438593
1,114,episode_length,114
1,114,episode_reward,-481.699624
1,114,episode_length,114
1,115,episode_reward,-566.077462
1,115,episode_length,115
1,116,episode_reward,-529.785164
1,116,episode_length,116
1,116,episode_reward,-271.590882
1,116,episode_length,116
1,117,episode_reward,-545.946563
1,117,episode_length,117
1,118,episode_reward,-569.555617
1,118,episode_length,118
1,118,episode_reward,-163.202789
1,118,episode_length,118
1,119,episode_reward,-412.351812
1,119,episode_length,119
1,121,episode_reward,-253.992062
1,121,episode_length,121
1,124,episode_reward,-503.302131
1,124,episode_length,124
1,126,episode_reward,-646.310228
1,126,episode_length,126
1,129,episode_reward,-722.574174
1,129,episode_length,129
1,131,episode_reward,-474.209533
1,131,episode_length,131
1,137,episode_reward,-587.949909
1,137,episode_length,137
1,137,episode_reward,-679.726417
1,137,episode_length,137
1,138,episode_reward,-642.165476
1,138,episode_length,138
1,139,episode_reward,-205.274898
1,139,episode_length,139
1,142,episode_reward,-626.824506
1,142,episode_length,142
1,143,episode_reward,-362.261499
1,143,episode_length,143
1,145,episode_reward,-512.112069
1,145,episode_length,145
1,148,episode_reward,-563.783997
1,148,episode_length,148
1,152,episode_reward,-569.190742
1,152,episode_length,152
1,153,episode_reward,-192.053311
1,153,episode_length,153
1,155,episode_reward,-631.842523
1,155,episode_length,155
1,160,episode_reward,-322.260482
1,160,episode_length,160
1,163,episode_reward,-571.107288
1,163,episode_length,163
1,168,episode_reward,-440.559563
1,168,episode_length,168
1,168,episode_reward,-451.147806
1,168,episode_length,168
1,179,episode_reward,-627.444776
1,179,episode_length,179
1,181,episode_reward,-550.166722
1,181,episode_length,181
1,185,episode_reward,-389.169328
1,185,episode_length,185
1,188,episode_reward,-411.152215
1,188,episode_length,188
1,188,episode_reward,-266.017812
1,188,episode_length,188
1,193,episode_reward,-518.959847
1,193,episode_length,102
1,199,episode_reward,-443.574182
1,199,episode_length,87
1,199,episode_reward,-345.276504
1,199,episode_length,199
1,207,episode_reward,-236.470279
1,207,episode_length,100
1,208,episode_reward,-620.537497
1,208,episode_length,120
1,209,episode_reward,-406.801957
1,209,episode_length,209
1,215,episode_reward,-459.387238
1,215,episode_length,215
1,216,episode_reward,-302.414232
1,216,episode_length,111
1,218,episode_reward,-386.298575
1,218,episode_length,218
1,224,episode_reward,-547.513438
1,224,episode_length,128
1,227,episode_reward,-364.679609
1,227,episode_length,98
1,230,episode_reward,-526.185189
1,230,episode_length,106
1,232,episode_reward,-601.819498
1,232,episode_length,125
1,235,episode_reward,-309.87703
1,235,episode_length,235
1,236,episode_reward,-595.805127
1,236,episode_length,151
1,237,episode_reward,-408.3589
1,237,episode_length,85
1,238,episode_reward,-625.098189
1,238,episode_length,238
1,243,episode_reward,-518.698415
1,243,episode_length,125
1,247,episode_reward,-231.374467
1,247,episode_length,104
1,251,episode_reward,-234.56158
1,251,episode_length,106
1,251,episode_reward,-268.211324
1,251,episode_length,132
1,252,episode_reward,-212.313129
1,252,episode_length,115
1,255,episode_reward,-650.040356
1,255,episode_length,95
1,256,episode_reward,-618.578797
1,256,episode_length,256
1,257,episode_reward,-224.101415
1,257,episode_length,143
1,267,episode_reward,-527.856106
1,267,episode_length,159
1,269,episode_reward,-466.494129
1,269,episode_length,127
1,280,episode_reward,-108.612826
1,280,episode_length,168
1,286,episode_reward,-492.732668
1,286,episode_length,149
1,286,episode_reward,-493.022335
1,286,episode_length,165
1,289,episode_reward,-536.247823
1,289,episode_length,289
1,290,episode_reward,-512.3508
1,290,episode_length,91
1,291,episode_reward,-28.551971
1,291,episode_length,173
1,293,episode_reward,-411.813129
1,293,episode_length,154
1,293,episode_reward,-430.770655
1,293,episode_length,145
1,294,episode_reward,-348.199903
1,294,episode_length,197
1,298,episode_reward,-301.105284
1,298,episode_length,130
1,301,episode_reward,-382.27392
1,301,episode_length,85
1,306,episode_reward,-581.928268
1,306,episode_length,107
1,308,episode_reward,-747.219886
1,308,episode_length,308
1,309,episode_reward,-318.550537
1,309,episode_length,309
1,313,episode_reward,-457.776735
1,313,episode_length,132
1,313,episode_reward,-469.889564
1,313,episode_length,145
1,314,episode_reward,-136.549968
1,314,episode_length,106
1,317,episode_reward,-114.012115
1,317,episode_length,129
1,318,episode_reward,-27.469058
1,318,episode_length,318
1,319,episode_reward,-658.567102
1,319,episode_length,156
1,323,episode_reward,-256.288603
1,323,episode_length,135
1,325,episode_reward,-279.322641
1,325,episode_length,210
1,326,episode_reward,-320.467901
1,326,episode_length,94
1,333,episode_reward,-357.389655
1,333,episode_length,118
1,333,episode_reward,-266.852202
1,333,episode_length,178
1,334,episode_reward,-326.336786
1,334,episode_length,96
1,335,episode_reward,-281.921385
1,335,episode_length,232
1,340,episode_reward,-366.697017
1,340,episode_length,214
1,340,episode_reward,-476.330359
1,340,episode_length,133
1,341,episode_reward,-373.874101
1,341,episode_length,104
1,343,episode_reward,-552.05173
1,343,episode_length,343
1,345,episode_reward,-537.08352
1,345,episode_length,229
1,345,episode_reward,-368.838528
1,345,episode_length,152
1,347,episode_reward,-590.288827
1,347,episode_length,347
1,357,episode_reward,-413.050794
1,357,episode_length,105
1,358,episode_reward,-627.252321
1,358,episode_length,91
1,360,episode_reward,-323.304993
1,360,episode_length,104
1,361,episode_reward,-448.212213
1,361,episode_length,252
1,365,episode_reward,-523.72371
1,365,episode_length,114
1,369,episode_reward,-535.33067
1,369,episode_length,216
1,370,episode_reward,-420.765705
1,370,episode_length,370
1,370,episode_reward,-405.565326
1,370,episode_length,101
1,370,episode_reward,-379.297623
1,370,episode_length,152
1,377,episode_reward,-260.348045
1,377,episode_length,260
1,391,episode_reward,-542.041751
1,391,episode_length,98
1,392,episode_reward,-660.877803
1,392,episode_length,261
1,397,episode_reward,-372.655447
1,397,episode_length,218
1,397,episode_reward,-433.101318
1,397,episode_length,173
1,401,episode_reward,-252.738289
1,401,episode_length,146
1,402,episode_reward,-412.791641
1,402,episode_length,93
1,406,episode_reward,-213.941377
1,406,episode_length,108
1,406,episode_reward,-813.984239
1,406,episode_length,116
1,407,episode_reward,-431.417225
1,407,episode_length,177
1,407,episode_reward,-385.609069
1,407,episode_length,121
1,407,episode_reward,-594.477138
1,407,episode_length,291
1,408,episode_reward,-552.446453
1,408,episode_length,408
1,413,episode_reward,-741.941168
1,413,episode_length,413
1,420,episode_reward,-607.340114
1,420,episode_length,282
1,421,episode_reward,-551.746192
1,421,episode_length,307
1,424,episode_reward,-972.334352
1,424,episode_length,424
1,426,episode_reward,-369.600519
1,426,episode_length,137
1,429,episode_reward,-521.297924
1,429,episode_length,121
1,431,episode_reward,-207.419128
1,431,episode_length,204
1,434,episode_reward,-465.515903
1,434,episode_length,89
1,435,episode_reward,-741.545686
1,435,episode_length,250
1,436,episode_reward,-347.591259
1,436,episode_length,103
1,439,episode_reward,-554.360466
1,439,episode_length,116
1,448,episode_reward,-611.569104
1,448,episode_length,197
1,449,episode_reward,-916.327175
1,449,episode_length,214
1,453,episode_reward,1.046998
1,453,episode_length,135
1,462,episode_reward,-653.330923
1,462,episode_length,149
1,463,episode_reward,-681.051974
1,463,episode_length,129
1,468,episode_reward,-564.049654
1,468,episode_length,259
1,472,episode_reward,-481.177904
1,472,episode_length,137
1,473,episode_reward,-574.9043
1,473,episode_length,237
1,476,episode_reward,-262.234384
1,476,episode_length,118
1,481,episode_reward,-414.312238
1,481,episode_length,134
1,482,episode_reward,-670.351703
1,482,episode_length,165
1,483,episode_reward,-944.525986
1,483,episode_length,182
1,483,episode_reward,-522.102976
1,483,episode_length,143
1,484,episode_reward,-487.069715
1,484,episode_length,170
1,494,episode_reward,-526.067531
1,494,episode_length,87
1,495,episode_reward,-336.229065
1,495,episode_length,138
1,498,episode_reward,-316.382429
1,498,episode_length,101
1,498,episode_reward,-663.402476
1,498,episode_length,129
1,498,episode_reward,-738.389207
1,498,episode_length,192
1,499,episode_reward,-464.336847
1,499,episode_length,129
1,499,episode_reward,-279.552421
1,499,episode_length,107
1,500,episode_reward,-456.635699
1,500,episode_length,94
1,502,episode_reward,-437.173241
1,502,episode_length,125
1,502,episode_reward,-452.49461
1,502,episode_length,105
1,502,episode_reward,-415.771194
1,502,episode_length,100
1,505,episode_reward,-447.086708
1,505,episode_length,211
1,505,episode_reward,-554.605178
1,505,episode_length,135
1,506,episode_reward,-678.327503
1,506,episode_length,220
1,509,episode_reward,-209.387543
1,509,episode_length,196
1,512,episode_reward,-389.689203
1,512,episode_length,171
1,524,episode_reward,-545.76813
1,524,episode_length,117
1,526,episode_reward,-318.886138
1,526,episode_length,207
1,526,episode_reward,-582.282379
1,526,episode_length,193
1,527,episode_reward,-387.307092
1,527,episode_length,107
1,528,episode_reward,-482.372123
1,528,episode_length,127
1,529,episode_reward,-670.48604
1,529,episode_length,249
1,534,episode_reward,-676.231587
1,534,episode_length,243
1,537,episode_reward,-492.624809
1,537,episode_length,176
1,538,episode_reward,-519.486043
1,538,episode_length,90
1,542,episode_reward,-268.29009
1,542,episode_length,182
1,543,episode_reward,-505.126999
1,543,episode_length,217
1,559,episode_reward,-476.617608
1,559,episode_length,120
1,560,episode_reward,-418.467959
1,560,episode_length,136
1,562,episode_reward,-483.358967
1,562,episode_length,156
1,562,episode_reward,-394.0251
1,562,episode_length,319
1,564,episode_reward,-492.050589
1,564,episode_length,219
1,567,episode_reward,-553.194083
1,567,episode_length,224
1,574,episode_reward,-140.014341
1,574,episode_length,183
1,577,episode_reward,-371.652463
1,577,episode_length,105
1,581,episode_reward,-162.109949
1,581,episode_length,128
1,582,episode_reward,-1016.863925
1,582,episode_length,289
1,585,episode_reward,-570.504614
1,585,episode_length,87
1,585,episode_reward,-553.839464
1,585,episode_length,215
1,593,episode_reward,-478.395414
1,593,episode_length,157
1,594,episode_reward,-447.052937
1,594,episode_length,121
1,594,episode_reward,-412.021566
1,594,episode_length,99
1,595,episode_reward,-335.49269
1,595,episode_length,112
1,595,episode_reward,-290.311687
1,595,episode_length,133
1,599,episode_reward,-437.870689
1,599,episode_length,94
1,606,episode_reward,-551.523256
1,606,episode_length,175
1,609,episode_reward,-496.415657
1,609,episode_length,127
1,610,episode_reward,-600.508539
1,610,episode_length,285
1,613,episode_reward,-607.590099
1,613,episode_length,114
1,615,episode_reward,-238.820833
1,615,episode_length,152
1,615,episode_reward,-66.169848
1,615,episode_length,113
1,617,episode_reward,-792.978804
1,617,episode_length,183
1,618,episode_reward,-129.079923
1,618,episode_length,142
1,619,episode_reward,-403.536205
1,619,episode_length,110
1,626,episode_reward,-460.012242
1,626,episode_length,89
1,634,episode_reward,-252.296417
1,634,episode_length,221
1,638,episode_reward,-393.89185
1,638,episode_length,136
1,639,episode_reward,-473.699175
1,639,episode_length,133
1,641,episode_reward,-203.305153
1,641,episode_length,206
1,645,episode_reward,-254.58781
1,645,episode_length,151
1,649,episode_reward,-378.008035
1,649,episode_length,168
1,649,episode_reward,-447.419143
1,649,episode_length,309
1,652,episode_reward,-460.569095
1,652,episode_length,128
1,653,episode_reward,-574.737845
1,653,episode_length,245
1,655,episode_reward,-303.30912
1,655,episode_length,206
1,655,episode_reward,-508.149388
1,655,episode_length,157
1,658,episode_reward,-490.359844
1,658,episode_length,115
1,667,episode_reward,-231.516334
1,667,episode_length,107
1,672,episode_reward,-390.404376
1,672,episode_length,188
1,674,episode_reward,-516.512992
1,674,episode_length,145
1,674,episode_reward,-615.662721
1,674,episode_length,146
1,679,episode_reward,-337.224228
1,679,episode_length,314
1,681,episode_reward,-734.28347
1,681,episode_length,181
1,681,episode_reward,-521.515335
1,681,episode_length,183
1,682,episode_reward,-581.920663
1,682,episode_length,275
1,683,episode_reward,-379.882962
1,683,episode_length,119
1,691,episode_reward,-356.326688
1,691,episode_length,92
1,692,episode_reward,-575.520446
1,692,episode_length,130
1,693,episode_reward,-505.812793
1,693,episode_length,166
1,694,episode_reward,-524.00455
1,694,episode_length,99
1,698,episode_reward,-251.447053
1,698,episode_length,230
1,708,episode_reward,-275.84435
1,708,episode_length,451
1,709,episode_reward,-482.527375
1,709,episode_length,183
1,709,episode_reward,-404.582143
1,709,episode_length,99
1,718,episode_reward,-279.176447
1,718,episode_length,184
1,719,episode_reward,-370.001478
1,719,episode_length,152
1,719,episode_reward,-668.729069
1,719,episode_length,124
1,722,episode_reward,-471.71125
1,722,episode_length,88
1,723,episode_reward,-673.884963
1,723,episode_length,161
1,728,episode_reward,-314.444347
1,728,episode_length,102
1,728,episode_reward,-543.474154
1,728,episode_length,307
1,730,episode_reward,-654.317843
1,730,episode_length,301
1,734,episode_reward,-441.096142
1,734,episode_length,141
1,736,episode_reward,62.567066
1,736,episode_length,151
1,738,episode_reward,-415.549846
1,738,episode_length,89
1,746,episode_reward,-997.046262
1,746,episode_length,204
1,747,episode_reward,-477.40539
1,747,episode_length,98
1,753,episode_reward,-461.966044
1,753,episode_length,136
1,757,episode_reward,-314.520477
1,757,episode_length,142
1,761,episode_reward,-618.68956
1,761,episode_length,335
1,762,episode_reward,-615.3153
1,762,episode_length,144
1,762,episode_reward,-651.68169
1,762,episode_length,203
1,762,episode_reward,-287.282309
1,762,episode_length,188
1,765,episode_reward,-539.222869
1,765,episode_length,266
1,771,episode_reward,-274.130732
1,771,episode_length,152
1,771,episode_reward,-765.666667
1,771,episode_length,233
1,778,episode_reward,-584.759113
1,778,episode_length,95
1,784,episode_reward,-354.515747
1,784,episode_length,112
1,784,episode_reward,-426.000627
1,784,episode_length,178
1,785,episode_reward,-388.136339
1,785,episode_length,200
1,785,episode_reward,-305.798847
1,785,episode_length,118
1,789,episode_reward,-442.218063
1,789,episode_length,91
1,791,episode_reward,-1207.87038
1,791,episode_length,544
1,792,episode_reward,-555.73574
1,792,episode_length,137
1,793,episode_reward,-778.502688
1,793,episode_length,155
1,801,episode_reward,-666.441543
1,801,episode_length,188
1,802,episode_reward,-338.199611
1,802,episode_length,110
1,806,episode_reward,-498.457081
1,806,episode_length,161
1,806,episode_reward,-364.650341
1,806,episode_length,112
1,806,episode_reward,-512.85416
1,806,episode_length,212
1,807,episode_reward,-392.569535
1,807,episode_length,133
1,811,episode_reward,-255.090936
1,811,episode_length,130
1,812,episode_reward,-458.796004
1,812,episode_length,94
1,813,episode_reward,-618.17301
1,813,episode_length,174
1,814,episode_reward,-443.782814
1,814,episode_length,220
1,814,episode_reward,-357.558976
1,814,episode_length,199
1,817,episode_reward,-448.910333
1,817,episode_length,136
1,817,episode_reward,-575.756838
1,817,episode_length,98
1,821,episode_reward,-216.216905
1,821,episode_length,112
1,824,episode_reward,-523.541287
1,824,episode_length,171
1,826,episode_reward,-329.035515
1,826,episode_length,104
1,827,episode_reward,-968.690691
1,827,episode_length,344
1,835,episode_reward,-289.514676
1,835,episode_length,177
1,836,episode_reward,-359.311417
1,836,episode_length,162
1,838,episode_reward,-657.25375
1,838,episode_length,183
1,838,episode_reward,-478.563803
1,838,episode_length,256
1,839,episode_reward,-547.031232
1,839,episode_length,148
1,840,episode_reward,-769.442402
1,840,episode_length,335
1,841,episode_reward,-295.162966
1,841,episode_length,189
1,847,episode_reward,-319.984932
1,847,episode_length,238
1,848,episode_reward,-421.933805
1,848,episode_length,95
1,852,episode_reward,-530.111773
1,852,episode_length,340
1,862,episode_reward,-507.590231
1,862,episode_length,134
1,864,episode_reward,-415.075424
1,864,episode_length,128
1,866,episode_reward,-547.977156
1,866,episode_length,157
1,869,episode_reward,-478.533438
1,869,episode_length,343
1,874,episode_reward,-622.454706
1,874,episode_length,151
1,875,episode_reward,-379.332368
1,875,episode_length,147
1,876,episode_reward,-399.176652
1,876,episode_length,142
1,877,episode_reward,-659.656329
1,877,episode_length,115
1,878,episode_reward,-585.533073
1,878,episode_length,107
1,885,episode_reward,-229.950589
1,885,episode_length,128
1,886,episode_reward,-296.725876
1,886,episode_length,193
1,889,episode_reward,-305.023444
1,889,episode_length,207
1,889,episode_reward,-602.421616
1,889,episode_length,181
1,897,episode_reward,-350.153874
1,897,episode_length,151
1,898,episode_reward,-468.961648
1,898,episode_length,92
1,899,episode_reward,-572.993934
1,899,episode_length,397
1,900,episode_reward,-400.328456
1,900,episode_length,170
1,902,episode_reward,-457.447385
1,902,episode_length,100
1,912,episode_reward,-652.712272
1,912,episode_length,147
1,912,episode_reward,-365.482664
1,912,episode_length,141
1,912,episode_reward,-638.796672
1,912,episode_length,127
1,914,episode_reward,-260.84124
1,914,episode_length,100
1,916,episode_reward,-213.801298
1,916,episode_length,154
1,917,episode_reward,-316.150749
1,917,episode_length,198
1,919,episode_reward,-457.903344
1,919,episode_length,112
1,920,episode_reward,-488.085621
1,920,episode_length,107
1,921,episode_reward,-141.310096
1,921,episode_length,130
1,922,episode_reward,-841.481047
1,922,episode_length,345
1,923,episode_reward,-495.670998
1,923,episode_length,244
1,925,episode_reward,-582.484613
1,925,episode_length,119
1,929,episode_reward,-578.037356
1,929,episode_length,182
1,929,episode_reward,-300.922225
1,929,episode_length,136
1,931,episode_reward,-287.506323
1,931,episode_length,107
1,931,episode_reward,-379.764433
1,931,episode_length,114
1,935,episode_reward,-527.556662
1,935,episode_length,146
1,940,episode_reward,-662.420286
1,940,episode_length,123
1,947,episode_reward,-488.967585
1,947,episode_length,95
1,949,episode_reward,-295.30745
1,949,episode_length,188
1,951,episode_reward,-199.930076
1,951,episode_length,113
1,961,episode_reward,-492.833367
1,961,episode_length,177
1,962,episode_reward,-330.397029
1,962,episode_length,123
1,963,episode_reward,-362.598338
1,963,episode_length,225
1,963,episode_reward,-47.238995
1,963,episode_length,149
1,968,episode_reward,-305.708751
1,968,episode_length,132
1,968,episode_reward,-652.321011
1,968,episode_length,162
1,970,episode_reward,-307.598982
1,970,episode_length,149
1,975,episode_reward,-504.804067
1,975,episode_length,213
1,977,episode_reward,-259.457236
1,977,episode_length,113
1,977,episode_reward,-185.639529
1,977,episode_length,130
1,987,episode_reward,-300.632646
1,987,episode_length,176
1,988,episode_reward,-893.891791
1,988,episode_length,150
1,989,episode_reward,-786.37897
1,989,episode_length,348
1,996,episode_reward,-450.690638
1,996,episode_length,111
1,997,episode_reward,-402.1238
1,997,episode_length,108
1,1000,episode_reward,-671.652146
1,1000,episode_length,174
1,1003,episode_reward,-501.1969
1,1003,episode_length,141
1,1005,episode_reward,-364.437411
1,1005,episode_length,116
1,1005,episode_reward,-341.430581
1,1005,episode_length,424
1,1007,episode_reward,-337.051927
1,1007,episode_length,131
1,1011,episode_reward,-370.443516
1,1011,episode_length,171
1,1011,episode_reward,-464.799696
1,1011,episode_length,94
1,1015,episode_reward,-323.893662
1,1015,episode_length,99
1,1017,episode_reward,-524.575064
1,1017,episode_length,169
1,1017,episode_reward,-543.039759
1,1017,episode_length,182
1,1024,episode_reward,-454.526935
1,1024,episode_length,122
1,1025,episode_reward,-243.014673
1,1025,episode_length,233
1,1026,episode_reward,-313.164209
1,1026,episode_length,112
1,1027,episode_reward,-638.805367
1,1027,episode_length,200
1,1029,episode_reward,-585.708827
1,1029,episode_length,100
1,1036,episode_reward,-445.050838
1,1036,episode_length,150
1,1037,episode_reward,-416.815059
1,1037,episode_length,116
1,1037,episode_reward,-262.833662
1,1037,episode_length,163
1,1038,episode_reward,-286.279066
1,1038,episode_length,103
1,1038,episode_reward,-420.984827
1,1038,episode_length,107
1,1041,episode_reward,-949.911356
1,1041,episode_length,257
1,1046,episode_reward,-118.199083
1,1046,episode_length,134
1,1051,episode_reward,-302.860084
1,1051,episode_length,139
1,1053,episode_reward,-357.599281
1,1053,episode_length,122
1,1055,episode_reward,-519.980249
1,1055,episode_length,243
1,1057,episode_reward,-495.728707
1,1057,episode_length,135
1,1061,episode_reward,-263.294449
1,1061,episode_length,186
1,1063,episode_reward,-449.285123
1,1063,episode_length,100
1,1067,episode_reward,-436.717756
1,1067,episode_length,147
1,1070,episode_reward,-512.462691
1,1070,episode_length,147
1,1075,episode_reward,-583.33809
1,1075,episode_length,107
1,1076,episode_reward,-159.725735
1,1076,episode_length,106
1,1084,episode_reward,-357.942138
1,1084,episode_length,184
1,1085,episode_reward,-285.448348
1,1085,episode_length,156
1,1085,episode_reward,-547.523335
1,1085,episode_length,187
1,1086,episode_reward,-594.60678
1,1086,episode_length,220
1,1089,episode_reward,-411.575573
1,1089,episode_length,121
1,1089,episode_reward,-606.004706
1,1089,episode_length,142
1,1090,episode_reward,-229.753607
1,1090,episode_length,103
1,1101,episode_reward,-577.701961
1,1101,episode_length,138
1,1102,episode_reward,-184.409555
1,1102,episode_length,105
1,1103,episode_reward,-404.431207
1,1103,episode_length,226
1,1111,episode_reward,-403.606412
1,1111,episode_length,100
1,1115,episode_reward,-492.681287
1,1115,episode_length,154
1,1117,episode_reward,-627.062835
1,1117,episode_length,140
1,1117,episode_reward,-977.8319
1,1117,episode_length,332
1,1119,episode_reward,-559.22952
1,1119,episode_length,250
1,1119,episode_reward,-613.926109
1,1119,episode_length,278
1,1126,episode_reward,-578.39995
1,1126,episode_length,348
1,1127,episode_reward,-546.978325
1,1127,episode_length,122
1,1128,episode_reward,-415.826148
1,1128,episode_length,231
1,1128,episode_reward,-298.948305
1,1128,episode_length,102
1,1134,episode_reward,-625.46264
1,1134,episode_length,215
1,1135,episode_reward,-303.105639
1,1135,episode_length,257
1,1138,episode_reward,-218.496689
1,1138,episode_length,150
1,1139,episode_reward,-345.929159
1,1139,episode_length,114
1,1140,episode_reward,-602.204238
1,1140,episode_length,339
1,1144,episode_reward,-119.078831
1,1144,episode_length,141
1,1146,episode_reward,-256.810949
1,1146,episode_length,131
1,1149,episode_reward,-411.424916
1,1149,episode_length,144
1,1152,episode_reward,-490.469581
1,1152,episode_length,145
1,1155,episode_reward,-492.482282
1,1155,episode_length,88
1,1163,episode_reward,-406.167259
1,1163,episode_length,214
1,1168,episode_reward,-458.520447
1,1168,episode_length,105
1,1171,episode_reward,-343.647668
1,1171,episode_length,114
1,1172,episode_reward,-299.176779
1,1172,episode_length,155
1,1172,episode_reward,-363.750893
1,1172,episode_length,88
1,1177,episode_reward,-1019.186131
1,1177,episode_length,278
1,1178,episode_reward,-222.156394
1,1178,episode_length,238
1,1185,episode_reward,-602.918093
1,1185,episode_length,124
1,1186,episode_reward,-545.618416
1,1186,episode_length,169
1,1187,episode_reward,-335.118054
1,1187,episode_length,85
1,1189,episode_reward,-726.051858
1,1189,episode_length,214
1,1190,episode_reward,-512.921724
1,1190,episode_length,105
1,1192,episode_reward,-659.039547
1,1192,episode_length,267
1,1195,episode_reward,-562.584593
1,1195,episode_length,149
1,1203,episode_reward,-251.545986
1,1203,episode_length,166
1,1204,episode_reward,-750.750591
1,1204,episode_length,227
1,1206,episode_reward,-598.765972
1,1206,episode_length,168
1,1206,episode_reward,-387.570105
1,1206,episode_length,103
1,1211,episode_reward,-287.299138
1,1211,episode_length,135
1,1213,episode_reward,-639.201201
1,1213,episode_length,124
1,1214,episode_reward,-549.726895
1,1214,episode_length,185
1,1214,episode_reward,-407.720348
1,1214,episode_length,144
1,1215,episode_reward,-554.734521
1,1215,episode_length,129
1,1217,episode_reward,-419.380046
1,1217,episode_length,190
1,1218,episode_reward,-555.102993
1,1218,episode_length,256
1,1220,episode_reward,-593.613051
1,1220,episode_length,93
1,1220,episode_reward,-556.677853
1,1220,episode_length,308
1,1221,episode_reward,-752.581718
1,1221,episode_length,184
1,1224,episode_reward,-448.669405
1,1224,episode_length,200
1,1229,episode_reward,-500.498922
1,1229,episode_length,95
1,1229,episode_reward,-375.31141
1,1229,episode_length,128
1,1229,episode_reward,-583.208607
1,1229,episode_length,112
1,1230,episode_reward,-309.150537
1,1230,episode_length,234
1,1237,episode_reward,-350.215188
1,1237,episode_length,162
1,1239,episode_reward,-452.336516
1,1239,episode_length,188
1,1243,episode_reward,-364.60847
1,1243,episode_length,94
1,1245,episode_reward,-254.511063
1,1245,episode_length,101
1,1248,episode_reward,-298.147423
1,1248,episode_length,113
1,1249,episode_reward,-382.646876
1,1249,episode_length,194
1,1262,episode_reward,-411.44948
1,1262,episode_length,151
1,1264,episode_reward,-379.103811
1,1264,episode_length,118
1,1273,episode_reward,-412.315875
1,1273,episode_length,102
1,1278,episode_reward,-459.338721
1,1278,episode_length,327
1,1282,episode_reward,-515.512057
1,1282,episode_length,163
1,1283,episode_reward,-336.988406
1,1283,episode_length,105
1,1284,episode_reward,-232.505975
1,1284,episode_length,112
1,1285,episode_reward,-373.104632
1,1285,episode_length,133
1,1285,episode_reward,-434.35544
1,1285,episode_length,200
1,1285,episode_reward,-627.324505
1,1285,episode_length,249
1,1287,episode_reward,-468.033581
1,1287,episode_length,101
1,1291,episode_reward,-273.383485
1,1291,episode_length,201
1,1291,episode_reward,-578.627978
1,1291,episode_length,302
1,1294,episode_reward,-188.1933
1,1294,episode_length,131
1,1297,episode_reward,-588.804456
1,1297,episode_length,83
1,1299,episode_reward,-489.684014
1,1299,episode_length,171
1,1299,episode_reward,-542.097544
1,1299,episode_length,173
1,1304,episode_reward,-391.423821
1,1304,episode_length,114
1,1304,episode_reward,-409.778671
1,1304,episode_length,75
1,1304,episode_reward,-481.719091
1,1304,episode_length,164
1,1305,episode_reward,-357.375563
1,1305,episode_length,252
1,1308,episode_reward,-421.433543
1,1308,episode_length,270
1,1308,episode_reward,-98.335793
1,1308,episode_length,169
1,1310,episode_reward,-386.071374
1,1310,episode_length,93
1,1317,episode_reward,-92.457675
1,1317,episode_length,132
1,1318,episode_reward,-443.968694
1,1318,episode_length,129
1,1322,episode_reward,-349.984142
1,1322,episode_length,111
1,1325,episode_reward,-283.511515
1,1325,episode_length,112
1,1328,episode_reward,-360.022152
1,1328,episode_length,317
1,1330,episode_reward,-498.138999
1,1330,episode_length,110
1,1331,episode_reward,-368.809453
1,1331,episode_length,111
1,1331,episode_reward,-598.428567
1,1331,episode_length,127
1,1332,episode_reward,-386.182294
1,1332,episode_length,103
1,1332,episode_reward,-269.023936
1,1332,episode_length,103
1,1332,episode_reward,-290.107713
1,1332,episode_length,145
1,1335,episode_reward,-507.002063
1,1335,episode_length,121
1,1337,episode_reward,-101.952911
1,1337,episode_length,222
1,1339,episode_reward,-121.637181
1,1339,episode_length,136
1,1340,episode_reward,-405.908937
1,1340,episode_length,116
1,1342,episode_reward,-563.153436
1,1342,episode_length,174
1,1346,episode_reward,-477.72588
1,1346,episode_length,305
1,1347,episode_reward,-441.521591
1,1347,episode_length,230
1,1354,episode_reward,-510.937123
1,1354,episode_length,139
1,1360,episode_reward,-541.059816
1,1360,episode_length,271
1,1360,episode_reward,-247.114844
1,1360,episode_length,112
1,1360,episode_reward,-446.093189
1,1360,episode_length,121
1,1362,episode_reward,-341.591703
1,1362,episode_length,141
1,1363,episode_reward,-382.459302
1,1363,episode_length,114
1,1371,episode_reward,-219.171215
1,1371,episode_length,109
1,1372,episode_reward,-273.352681
1,1372,episode_length,129
1,1374,episode_reward,-294.459657
1,1374,episode_length,255
1,1375,episode_reward,-510.604123
1,1375,episode_length,97
1,1376,episode_reward,-562.995082
1,1376,episode_length,112
1,1378,episode_reward,-581.738572
1,1378,episode_length,201
1,1380,episode_reward,-435.493972
1,1380,episode_length,225
1,1382,episode_reward,-119.123077
1,1382,episode_length,254
1,1382,episode_reward,-149.878122
1,1382,episode_length,109
1,1382,episode_reward,-449.439136
1,1382,episode_length,97
1,1383,episode_reward,-607.356084
1,1383,episode_length,98
1,1383,episode_reward,-645.697142
1,1383,episode_length,245
1,1386,episode_reward,-287.479106
1,1386,episode_length,191
1,1388,episode_reward,-352.427565
1,1388,episode_length,196
1,1394,episode_reward,-449.987213
1,1394,episode_length,103
1,1397,episode_reward,-578.859631
1,1397,episode_length,89
1,1403,episode_reward,-360.640595
1,1403,episode_length,166
1,1405,episode_reward,-560.611512
1,1405,episode_length,123
1,1406,episode_reward,-463.301043
1,1406,episode_length,161
1,1408,episode_reward,-20.625215
1,1408,episode_length,190
1,1411,episode_reward,-482.473137
1,1411,episode_length,81
1,1417,episode_reward,-439.542217
1,1417,episode_length,92
1,1419,episode_reward,-310.798067
1,1419,episode_length,120
1,1422,episode_reward,-271.887369
1,1422,episode_length,131
1,1424,episode_reward,-261.730086
1,1424,episode_length,92
1,1425,episode_reward,-261.752957
1,1425,episode_length,128
1,1428,episode_reward,-514.480684
1,1428,episode_length,129
1,1431,episode_reward,-427.666909
1,1431,episode_length,127
1,1432,episode_reward,-567.861938
1,1432,episode_length,260
1,1432,episode_reward,-948.61892
1,1432,episode_length,432
1,1437,episode_reward,-484.662799
1,1437,episode_length,153
1,1438,episode_reward,-301.136123
1,1438,episode_length,107
1,1438,episode_reward,-627.135331
1,1438,episode_length,208
1,1439,episode_reward,-730.631987
1,1439,episode_length,233
1,1439,episode_reward,-154.567155
1,1439,episode_length,104
1,1446,episode_reward,-561.247363
1,1446,episode_length,114
1,1452,episode_reward,-633.638587
1,1452,episode_length,92
1,1455,episode_reward,-299.20786
1,1455,episode_length,150
1,1469,episode_reward,-258.803807
1,1469,episode_length,94
1,1472,episode_reward,-542.240576
1,1472,episode_length,90
1,1473,episode_reward,-425.2834
1,1473,episode_length,163
1,1480,episode_reward,-227.362718
1,1480,episode_length,98
1,1481,episode_reward,-460.998205
1,1481,episode_length,153
1,1482,episode_reward,-489.009368
1,1482,episode_length,119
1,1483,episode_reward,-558.742903
1,1483,episode_length,89
1,1484,episode_reward,-275.418645
1,1484,episode_length,162
1,1485,episode_reward,-248.665246
1,1485,episode_length,125
1,1486,episode_reward,-268.489371
1,1486,episode_length,144
1,1487,episode_reward,-515.985844
1,1487,episode_length,125
1,1488,episode_reward,-620.294242
1,1488,episode_length,142
1,1489,episode_reward,-740.375328
1,1489,episode_length,204
1,1490,episode_reward,-590.745421
1,1490,episode_length,119
1,1491,episode_reward,-500.07189
1,1491,episode_length,187
1,1494,episode_reward,-315.99534
1,1494,episode_length,154
1,1497,episode_reward,-168.680231
1,1497,episode_length,115
1,1498,episode_reward,-342.949693
1,1498,episode_length,138
1,1501,episode_reward,7.278913
1,1501,episode_length,147
1,1502,episode_reward,-537.495672
1,1502,episode_length,130
1,1506,episode_reward,-756.101209
1,1506,episode_length,174
1,1508,episode_reward,-461.018178
1,1508,episode_length,125
1,1511,episode_reward,-540.493239
1,1511,episode_length,131
1,1511,episode_reward,-534.921369
1,1511,episode_length,135
1,1513,episode_reward,-508.682521
1,1513,episode_length,91
1,1514,episode_reward,-458.262649
1,1514,episode_length,140
1,1516,episode_reward,-487.822906
1,1516,episode_length,113
1,1518,episode_reward,-500.139702
1,1518,episode_length,235
1,1520,episode_reward,-541.230908
1,1520,episode_length,112
1,1522,episode_reward,-40.435304
1,1522,episode_length,103
1,1532,episode_reward,-502.487882
1,1532,episode_length,238
1,1532,episode_reward,-703.723818
1,1532,episode_length,201
1,1533,episode_reward,-301.531976
1,1533,episode_length,95
1,1536,episode_reward,-785.829395
1,1536,episode_length,228
1,1540,episode_reward,-565.121045
1,1540,episode_length,203
1,1542,episode_reward,-620.831474
1,1542,episode_length,164
1,1542,episode_reward,-161.994561
1,1542,episode_length,195
1,1544,episode_reward,-235.971724
1,1544,episode_length,113
1,1544,episode_reward,-332.76271
1,1544,episode_length,127
1,1548,episode_reward,-533.430488
1,1548,episode_length,116
1,1549,episode_reward,-615.909593
1,1549,episode_length,232
1,1553,episode_reward,-299.524454
1,1553,episode_length,142
1,1558,episode_reward,-313.200896
1,1558,episode_length,170
1,1558,episode_reward,-329.77385
1,1558,episode_length,130
1,1560,episode_reward,-276.067718
1,1560,episode_length,136
1,1567,episode_reward,-247.236859
1,1567,episode_length,161
1,1572,episode_reward,-352.215728
1,1572,episode_length,135
1,1573,episode_reward,-470.149468
1,1573,episode_length,141
1,1594,episode_reward,-521.232812
1,1594,episode_length,111
1,1594,episode_reward,-475.670371
1,1594,episode_length,107
1,1597,episode_reward,-708.132276
1,1597,episode_length,192
1,1600,episode_reward,-529.830334
1,1600,episode_length,282
1,1602,episode_reward,-760.572408
1,1602,episode_length,263
1,1609,episode_reward,-552.640163
1,1609,episode_length,403
1,1610,episode_reward,-682.737921
1,1610,episode_length,224
1,1612,episode_reward,-365.988706
1,1612,episode_length,173
1,1613,episode_reward,-245.949295
1,1613,episode_length,144
1,1613,episode_reward,-443.285092
1,1613,episode_length,105
1,1614,episode_reward,-580.48838
1,1614,episode_length,231
1,1618,episode_reward,-618.56705
1,1618,episode_length,314
1,1619,episode_reward,-286.110602
1,1619,episode_length,131
1,1621,episode_reward,-201.999416
1,1621,episode_length,124
1,1621,episode_reward,-312.826921
1,1621,episode_length,132
1,1626,episode_reward,-381.665515
1,1626,episode_length,145
1,1631,episode_reward,-605.199156
1,1631,episode_length,147
1,1633,episode_reward,-277.562163
1,1633,episode_length,120
1,1633,episode_reward,-1083.806304
1,1633,episode_length,346
1,1635,episode_reward,-235.646494
1,1635,episode_length,99
1,1637,episode_reward,-389.570078
1,1637,episode_length,131
1,1638,episode_reward,-190.256505
1,1638,episode_length,122
1,1639,episode_reward,-521.369116
1,1639,episode_length,119
1,1639,episode_reward,-701.949134
1,1639,episode_length,117
1,1642,episode_reward,-425.865909
1,1642,episode_length,148
1,1643,episode_reward,-501.833287
1,1643,episode_length,85
1,1646,episode_reward,-443.116496
1,1646,episode_length,132
1,1647,episode_reward,-247.310123
1,1647,episode_length,165
1,1652,episode_reward,-482.945969
1,1652,episode_length,103
1,1653,episode_reward,-407.769184
1,1653,episode_length,181
1,1653,episode_reward,-225.916785
1,1653,episode_length,142
1,1655,episode_reward,-374.133841
1,1655,episode_length,217
1,1657,episode_reward,-675.031409
1,1657,episode_length,167
1,1666,episode_reward,-330.767718
1,1666,episode_length,175
1,1667,episode_reward,-324.580507
1,1667,episode_length,123
1,1670,episode_reward,-474.204834
1,1670,episode_length,117
1,1676,episode_reward,-390.802321
1,1676,episode_length,109
1,1681,episode_reward,-467.827039
1,1681,episode_length,149
1,1687,episode_reward,-628.21437
1,1687,episode_length,241
1,1693,episode_reward,-334.979413
1,1693,episode_length,96
1,1695,episode_reward,-499.659759
1,1695,episode_length,298
1,1696,episode_reward,-779.771821
1,1696,episode_length,185
1,1697,episode_reward,-268.60705
1,1697,episode_length,155
1,1697,episode_reward,-381.775667
1,1697,episode_length,196
1,1699,episode_reward,-715.180092
1,1699,episode_length,219
1,1706,episode_reward,-705.932335
1,1706,episode_length,188
1,1713,episode_reward,-348.623589
1,1713,episode_length,288
1,1714,episode_reward,-453.915749
1,1714,episode_length,120
1,1721,episode_reward,-747.271636
1,1721,episode_length,188
1,1722,episode_reward,-661.323926
1,1722,episode_length,174
1,1723,episode_reward,-381.632184
1,1723,episode_length,191
1,1723,episode_reward,-426.216578
1,1723,episode_length,163
1,1724,episode_reward,-530.886432
1,1724,episode_length,239
1,1725,episode_reward,-241.447758
1,1725,episode_length,167
1,1732,episode_reward,-518.1384
1,1732,episode_length,119
1,1732,episode_reward,-345.198376
1,1732,episode_length,190
1,1735,episode_reward,-204.79881
1,1735,episode_length,96
1,1739,episode_reward,-586.46203
1,1739,episode_length,126
1,1739,episode_reward,-461.76242
1,1739,episode_length,166
1,1739,episode_reward,-381.47307
1,1739,episode_length,108
1,1740,episode_reward,-592.383851
1,1740,episode_length,131
1,1742,episode_reward,-458.4692
1,1742,episode_length,290
1,1742,episode_reward,-561.331287
1,1742,episode_length,132
1,1744,episode_reward,-467.37725
1,1744,episode_length,305
1,1744,episode_reward,-509.456569
1,1744,episode_length,144
1,1748,episode_reward,-635.815483
1,1748,episode_length,262
1,1749,episode_reward,-504.699666
1,1749,episode_length,209
1,1751,episode_reward,-505.175215
1,1751,episode_length,179
1,1767,episode_reward,-440.182798
1,1767,episode_length,129
1,1767,episode_reward,-588.815484
1,1767,episode_length,223
1,1769,episode_reward,-997.12538
1,1769,episode_length,314
1,1772,episode_reward,-194.570318
1,1772,episode_length,178
1,1772,episode_reward,-315.832573
1,1772,episode_length,105
1,1773,episode_reward,-387.324789
1,1773,episode_length,130
1,1773,episode_reward,-959.084171
1,1773,episode_length,300
1,1773,episode_reward,-382.778035
1,1773,episode_length,126
1,1778,episode_reward,-403.199214
1,1778,episode_length,126
1,1778,episode_reward,-502.043764
1,1778,episode_length,136
1,1778,episode_reward,-245.629164
1,1778,episode_length,280
1,1779,episode_reward,-298.805323
1,1779,episode_length,146
1,1779,episode_reward,-478.445794
1,1779,episode_length,142
1,1779,episode_reward,-747.698692
1,1779,episode_length,165
1,1780,episode_reward,-396.724764
1,1780,episode_length,125
1,1781,episode_reward,-484.585021
1,1781,episode_length,128
1,1785,episode_reward,-443.053088
1,1785,episode_length,146
1,1786,episode_reward,-555.810797
1,1786,episode_length,110
1,1793,episode_reward,-497.77728
1,1793,episode_length,112
1,1794,episode_reward,-593.408212
1,1794,episode_length,173
1,1796,episode_reward,-312.675033
1,1796,episode_length,163
1,1799,episode_reward,-158.212143
1,1799,episode_length,197
1,1799,episode_reward,-544.341216
1,1799,episode_length,112
1,1800,episode_reward,-337.402135
1,1800,episode_length,87
1,1805,episode_reward,-474.813803
1,1805,episode_length,109
1,1805,episode_reward,-534.676895
1,1805,episode_length,148
1,1808,episode_reward,-725.32833
1,1808,episode_length,196
1,1816,episode_reward,-126.029807
1,1816,episode_length,123
1,1820,episode_reward,-297.64431
1,1820,episode_length,114
1,1821,episode_reward,-412.955427
1,1821,episode_length,122
1,1821,episode_reward,-527.377143
1,1821,episode_length,203
1,1824,episode_reward,-287.209946
1,1824,episode_length,110
1,1833,episode_reward,-487.252183
1,1833,episode_length,212
1,1836,episode_reward,-416.619274
1,1836,episode_length,201
1,1840,episode_reward,-255.421078
1,1840,episode_length,96
1,1840,episode_reward,-566.120114
1,1840,episode_length,174
1,1841,episode_reward,-447.006221
1,1841,episode_length,120
1,1842,episode_reward,-632.944307
1,1842,episode_length,110
1,1846,episode_reward,-556.930882
1,1846,episode_length,220
1,1852,episode_reward,-456.206536
1,1852,episode_length,108
1,1859,episode_reward,-513.380665
1,1859,episode_length,120
1,1864,episode_reward,-240.884199
1,1864,episode_length,167
1,1870,episode_reward,-629.199014
1,1870,episode_length,175
1,1872,episode_reward,-320.908819
1,1872,episode_length,92
1,1876,episode_reward,-531.912662
1,1876,episode_length,134
1,1879,episode_reward,-365.023131
1,1879,episode_length,137
1,1881,episode_reward,-444.408971
1,1881,episode_length,158
1,1886,episode_reward,-180.73534
1,1886,episode_length,117
1,1889,episode_reward,-285.522319
1,1889,episode_length,117
1,1889,episode_reward,-348.68603
1,1889,episode_length,219
1,1891,episode_reward,-640.812847
1,1891,episode_length,113
1,1893,episode_reward,-547.350901
1,1893,episode_length,145
1,1898,episode_reward,-728.856318
1,1898,episode_length,252
1,1900,episode_reward,-248.840174
1,1900,episode_length,122
1,1903,episode_reward,-512.291045
1,1903,episode_length,164
1,1904,episode_reward,-370.722021
1,1904,episode_length,132
1,1905,episode_reward,-452.861467
1,1905,episode_length,156
1,1906,episode_reward,-587.658134
1,1906,episode_length,209
1,1907,episode_reward,-522.559124
1,1907,episode_length,185
1,1910,episode_reward,-414.626108
1,1910,episode_length,117
1,1913,episode_reward,-608.245401
1,1913,episode_length,132
1,1921,episode_reward,-267.267402
1,1921,episode_length,189
1,1926,episode_reward,-404.944753
1,1926,episode_length,102
1,1926,episode_reward,-260.387127
1,1926,episode_length,130
1,1927,episode_reward,-430.293177
1,1927,episode_length,425
1,1932,episode_reward,-505.823919
1,1932,episode_length,279
1,1934,episode_reward,-550.90684
1,1934,episode_length,167
1,1934,episode_reward,-559.734892
1,1934,episode_length,161
1,1937,episode_reward,-603.497537
1,1937,episode_length,198
1,1937,episode_reward,-240.663047
1,1937,episode_length,318
1,1938,episode_reward,-450.521124
1,1938,episode_length,165
1,1941,episode_reward,-504.239762
1,1941,episode_length,121
1,1946,episode_reward,-286.093569
1,1946,episode_length,173
1,1949,episode_reward,-569.367057
1,1949,episode_length,113
1,1951,episode_reward,-147.841036
1,1951,episode_length,146
1,1952,episode_reward,-435.392888
1,1952,episode_length,158
1,1953,episode_reward,-568.078605
1,1953,episode_length,202
1,1953,episode_reward,-574.495762
1,1953,episode_length,218
1,1953,episode_reward,-490.33075
1,1953,episode_length,94
1,1954,episode_reward,-281.294926
1,1954,episode_length,176
1,1957,episode_reward,-597.60035
1,1957,episode_length,157
1,1970,episode_reward,-582.31104
1,1970,episode_length,245
1,1971,episode_reward,-516.076709
1,1971,episode_length,150
1,1973,episode_reward,-470.831511
1,1973,episode_length,194
1,1976,episode_reward,-546.371229
1,1976,episode_length,112
1,1981,episode_reward,-581.117187
1,1981,episode_length,195
1,1983,episode_reward,-595.874844
1,1983,episode_length,141
1,1984,episode_reward,-436.587883
1,1984,episode_length,144
1,1985,episode_reward,-773.850945
1,1985,episode_length,261
1,1989,episode_reward,-168.288471
1,1989,episode_length,184
1,1993,episode_reward,-406.828736
1,1993,episode_length,100
1,1994,episode_reward,-450.803088
1,1994,episode_length,91
1,1994,episode_reward,-561.195382
1,1994,episode_length,161
1,1996,episode_reward,-729.303447
1,1996,episode_length,217
1,1996,episode_reward,-749.976642
1,1996,episode_length,144
1,1998,episode_reward,-561.296985
1,1998,episode_length,275
1,2011,episode_reward,-578.031502
1,2011,episode_length,135
1,2013,episode_reward,-711.523499
1,2013,episode_length,192
1,2013,episode_reward,-431.875011
1,2013,episode_length,103
1,2020,episode_reward,-453.956374
1,2020,episode_length,114
1,2024,episode_reward,-681.606438
1,2024,episode_length,145
1,2025,episode_reward,-468.246453
1,2025,episode_length,240
1,2031,episode_reward,-438.576632
1,2031,episode_length,94
1,2032,episode_reward,-520.813491
1,2032,episode_length,86
1,2033,episode_reward,-127.915333
1,2033,episode_length,120
1,2039,episode_reward,-299.816428
1,2039,episode_length,139
1,2045,episode_reward,-463.674172
1,2045,episode_length,88
1,2045,episode_reward,-481.485985
1,2045,episode_length,154
1,2045,episode_reward,-443.674484
1,2045,episode_length,140
1,2046,episode_reward,-565.78515
1,2046,episode_length,267
1,2048,episode_reward,-459.725296
1,2048,episode_length,176
1,2048,episode_reward,-472.964846
1,2048,episode_length,150
1,2048,episode_reward,-788.07819
1,2048,episode_length,178
2,102,episode_reward,-452.672271
2,102,episode_length,102
2,103,episode_reward,-408.210877
2,103,episode_length,103
2,103,episode_reward,-302.880379
2,103,episode_length,103
2,105,episode_reward,-385.69428
2,105,episode_length,105
2,106,episode_reward,-440.124124
2,106,episode_length,106
2,108,episode_reward,-182.209976
2,108,episode_length,108
2,111,episode_reward,-582.50334
2,111,episode_length,111
2,116,episode_reward,-534.573678
2,116,episode_length,116
2,116,episode_reward,-214.255092
2,116,episode_length,116
2,119,episode_reward,-342.147752
2,119,episode_length,119
2,119,episode_reward,-350.050693
2,119,episode_length,119
2,119,episode_reward,-254.01684
2,119,episode_length,119
2,121,episode_reward,-249.48422
2,121,episode_length,121
2,122,episode_reward,-281.625622
2,122,episode_length,122
2,123,episode_reward,-654.049574
2,123,episode_length,123
2,125,episode_reward,-214.051293
2,125,episode_length,125
2,128,episode_reward,-309.654117
2,128,episode_length,128
2,132,episode_reward,-242.077906
2,132,episode_length,132
2,132,episode_reward,-181.283882
2,132,episode_length,132
2,134,episode_reward,-354.689431
2,134,episode_length,134
2,138,episode_reward,-378.879201
2,138,episode_length,138
2,139,episode_reward,-126.443021
2,139,episode_length,139
2,139,episode_reward,-483.946346
2,139,episode_length,139
2,147,episode_reward,-213.039676
2,147,episode_length,147
2,149,episode_reward,-479.444232
2,149,episode_length,149
2,149,episode_reward,-38.721895
2,149,episode_length,149
2,151,episode_reward,-297.684993
2,151,episode_length,151
2,153,episode_reward,-335.931051
2,153,episode_length,153
2,156,episode_reward,-439.99917
2,156,episode_length,156
2,157,episode_reward,-312.286904
2,157,episode_length,157
2,167,episode_reward,-637.765624
2,167,episode_length,167
2,171,episode_reward,-190.991824
2,171,episode_length,171
2,178,episode_reward,-525.85093
2,178,episode_length,178
2,179,episode_reward,-340.25107
2,179,episode_length,179
2,181,episode_reward,-189.492283
2,181,episode_length,181
2,182,episode_reward,-221.576389
2,182,episode_length,182
2,188,episode_reward,-455.935122
2,188,episode_length,188
2,188,episode_reward,-378.431578
2,188,episode_length,188
2,191,episode_reward,-321.796084
2,191,episode_length,191
2,191,episode_reward,-442.357313
2,191,episode_length,191
2,193,episode_reward,-226.330413
2,193,episode_length,193
2,195,episode_reward,-405.860605
2,195,episode_length,195
2,196,episode_reward,-352.622473
2,196,episode_length,196
2,199,episode_reward,-375.74162
2,199,episode_length,199
2,201,episode_reward,-436.14702
2,201,episode_length,201
2,202,episode_reward,-268.642754
2,202,episode_length,202
2,208,episode_reward,-297.60056
2,208,episode_length,208
2,213,episode_reward,-462.133529
2,213,episode_length,213
2,217,episode_reward,-287.360659
2,217,episode_length,217
2,221,episode_reward,-432.448271
2,221,episode_length,221
2,225,episode_reward,-201.290108
2,225,episode_length,109
2,225,episode_reward,-376.843761
2,225,episode_length,123
2,228,episode_reward,-137.447992
2,228,episode_length,109
2,229,episode_reward,-396.848155
2,229,episode_length,110
2,234,episode_reward,-378.965612
2,234,episode_length,131
2,237,episode_reward,-613.926831
2,237,episode_length,98
2,242,episode_reward,-272.611236
2,242,episode_length,242
2,248,episode_reward,-20.675523
2,248,episode_length,132
2,252,episode_reward,-587.20494
2,252,episode_length,252
2,252,episode_reward,-237.706391
2,252,episode_length,252
2,255,episode_reward,-319.534925
2,255,episode_length,255
2,256,episode_reward,-196.893984
2,256,episode_length,107
2,258,episode_reward,-495.642503
2,258,episode_length,130
2,258,episode_reward,-563.077238
2,258,episode_length,258
2,263,episode_reward,-276.439185
2,263,episode_length,140
2,273,episode_reward,-295.730746
2,273,episode_length,151
2,278,episode_reward,-223.849478
2,278,episode_length,173
2,286,episode_reward,-422.606483
2,286,episode_length,286
2,291,episode_reward,-267.268025
2,291,episode_length,291
2,291,episode_reward,-354.816053
2,291,episode_length,103
2,296,episode_reward,-349.983654
2,296,episode_length,296
2,297,episode_reward,-406.095671
2,297,episode_length,191
2,297,episode_reward,-331.71009
2,297,episode_length,297
2,298,episode_reward,-424.04686
2,298,episode_length,90
2,299,episode_reward,-273.178261
2,299,episode_length,118
2,300,episode_reward,-306.409158
2,300,episode_length,175
2,300,episode_reward,-216.924803
2,300,episode_length,122
2,306,episode_reward,-235.213576
2,306,episode_length,198
2,306,episode_reward,-582.914176
2,306,episode_length,111
2,308,episode_reward,-470.122233
2,308,episode_length,155
2,309,episode_reward,-520.218197
2,309,episode_length,116
2,309,episode_reward,-404.043855
2,309,episode_length,198
2,316,episode_reward,-275.149728
2,316,episode_length,167
2,317,episode_reward,-415.031884
2,317,episode_length,170
2,318,episode_reward,-690.781085
2,318,episode_length,318
2,328,episode_reward,-429.885824
2,328,episode_length,177
2,328,episode_reward,-572.200085
2,328,episode_length,196
2,329,episode_reward,-494.382152
2,329,episode_length,226
2,329,episode_reward,-201.926477
2,329,episode_length,147
2,330,episode_reward,-468.489541
2,330,episode_length,134
2,337,episode_reward,-362.547459
2,337,episode_length,149
2,340,episode_reward,-164.47377
2,340,episode_length,139
2,340,episode_reward,-438.7688
2,340,episode_length,201
2,348,episode_reward,-388.291318
2,348,episode_length,348
2,348,episode_reward,-912.962775
2,348,episode_length,348
2,349,episode_reward,-489.251019
2,349,episode_length,217
2,350,episode_reward,-364.059622
2,350,episode_length,121
2,350,episode_reward,-178.571102
2,350,episode_length,137
2,352,episode_reward,-406.365584
2,352,episode_length,118
2,364,episode_reward,-547.016118
2,364,episode_length,230
2,369,episode_reward,-514.33236
2,369,episode_length,117
2,371,episode_reward,-511.141459
2,371,episode_length,143
2,381,episode_reward,-775.862788
2,381,episode_length,260
2,382,episode_reward,-329.204019
2,382,episode_length,183
2,384,episode_reward,-354.934074
2,384,episode_length,163
2,385,episode_reward,-300.858043
2,385,episode_length,214
2,395,episode_reward,-260.171149
2,395,episode_length,97
2,395,episode_reward,-529.32413
2,395,episode_length,276
2,398,episode_reward,-382.616454
2,398,episode_length,135
2,399,episode_reward,-347.665666
2,399,episode_length,243
2,400,episode_reward,-756.093522
2,400,episode_length,262
2,400,episode_reward,-491.823194
2,400,episode_length,175
2,401,episode_reward,-194.907137
2,401,episode_length,199
2,406,episode_reward,-366.464026
2,406,episode_length,115
2,410,episode_reward,-695.77347
2,410,episode_length,410
2,415,episode_reward,-439.475778
2,415,episode_length,98
2,416,episode_reward,-560.023129
2,416,episode_length,100
2,419,episode_reward,-340.983054
2,419,episode_length,177
2,422,episode_reward,-141.937785
2,422,episode_length,174
2,430,episode_reward,-538.895997
2,430,episode_length,430
2,430,episode_reward,-345.791386
2,430,episode_length,205
2,432,episode_reward,-522.594965
2,432,episode_length,132
2,432,episode_reward,-391.30446
2,432,episode_length,141
2,438,episode_reward,-203.144775
2,438,episode_length,132
2,439,episode_reward,-343.502282
2,439,episode_length,89
2,441,episode_reward,-408.073857
2,441,episode_length,132
2,443,episode_reward,-604.627856
2,443,episode_length,165
2,444,episode_reward,-400.094782
2,444,episode_length,148
2,456,episode_reward,-295.783457
2,456,episode_length,265
2,458,episode_reward,-405.344704
2,458,episode_length,202
2,458,episode_reward,-338.716479
2,458,episode_length,128
2,466,episode_reward,-243.045747
2,466,episode_length,193
2,469,episode_reward,-557.900943
2,469,episode_length,252
2,471,episode_reward,-248.499637
2,471,episode_length,213
2,474,episode_reward,-522.293535
2,474,episode_length,134
2,476,episode_reward,-480.260306
2,476,episode_length,297
2,478,episode_reward,-465.107435
2,478,episode_length,114
2,478,episode_reward,-278.139483
2,478,episode_length,181
2,482,episode_reward,-663.521767
2,482,episode_length,134
2,485,episode_reward,-314.471912
2,485,episode_length,145
2,486,episode_reward,-622.641657
2,486,episode_length,234
2,489,episode_reward,-500.016315
2,489,episode_length,107
2,491,episode_reward,-248.427982
2,491,episode_length,192
2,496,episode_reward,-597.02538
2,496,episode_length,329
2,506,episode_reward,-41.768513
2,506,episode_length,111
2,511,episode_reward,-267.890152
2,511,episode_length,214
2,513,episode_reward,-241.961489
2,513,episode_length,207
2,513,episode_reward,-532.143516
2,513,episode_length,322
2,514,episode_reward,-270.707459
2,514,episode_length,164
2,515,episode_reward,-323.800684
2,515,episode_length,115
2,524,episode_reward,-512.242892
2,524,episode_length,216
2,527,episode_reward,-840.485464
2,527,episode_length,269
2,532,episode_reward,-495.842635
2,532,episode_length,214
2,532,episode_reward,-493.945987
2,532,episode_length,295
2,533,episode_reward,-164.377961
2,533,episode_length,118
2,534,episode_reward,-324.983283
2,534,episode_length,234
2,534,episode_reward,-385.159241
2,534,episode_length,225
2,537,episode_reward,-399.357626
2,537,episode_length,189
2,537,episode_reward,-485.869049
2,537,episode_length,209
2,541,episode_reward,-443.610805
2,541,episode_length,142
2,542,episode_reward,-351.839143
2,542,episode_length,287
2,544,episode_reward,-58.645561
2,544,episode_length,143
2,549,episode_reward,-326.403979
2,549,episode_length,200
2,552,episode_reward,-676.584178
2,552,episode_length,223
2,560,episode_reward,-528.526691
2,560,episode_length,144
2,561,episode_reward,-368.127392
2,561,episode_length,163
2,561,episode_reward,-146.651209
2,561,episode_length,151
2,563,episode_reward,-438.15739
2,563,episode_length,125
2,564,episode_reward,-289.222704
2,564,episode_length,407
2,566,episode_reward,-250.708581
2,566,episode_length,214
2,566,episode_reward,-544.753438
2,566,episode_length,171
2,569,episode_reward,-425.079601
2,569,episode_length,150
2,569,episode_reward,-242.800229
2,569,episode_length,103
2,575,episode_reward,-319.668059
2,575,episode_length,119
2,576,episode_reward,-121.718946
2,576,episode_length,248
2,576,episode_reward,-437.788478
2,576,episode_length,192
2,580,episode_reward,-473.295826
2,580,episode_length,209
2,584,episode_reward,-440.11643
2,584,episode_length,140
2,584,episode_reward,-365.070813
2,584,episode_length,152
2,588,episode_reward,-321.45481
2,588,episode_length,207
2,598,episode_reward,-128.955028
2,598,episode_length,229
2,609,episode_reward,-221.355697
2,609,episode_length,151
2,611,episode_reward,-538.772073
2,611,episode_length,133
2,614,episode_reward,-324.79985
2,614,episode_length,173
2,616,episode_reward,-283.811986
2,616,episode_length,130
2,618,episode_reward,-132.248405
2,618,episode_length,107
2,619,episode_reward,-297.123958
2,619,episode_length,150
2,620,episode_reward,-433.788002
2,620,episode_length,334
2,631,episode_reward,-282.831209
2,631,episode_length,201
2,634,episode_reward,-317.409133
2,634,episode_length,191
2,641,episode_reward,-465.747487
2,641,episode_length,167
2,641,episode_reward,-286.243955
2,641,episode_length,135
2,646,episode_reward,-227.873343
2,646,episode_length,188
2,646,episode_reward,-197.138837
2,646,episode_length,155
2,656,episode_reward,-5.030618
2,656,episode_length,132
2,656,episode_reward,-482.613245
2,656,episode_length,160
2,663,episode_reward,-254.495934
2,663,episode_length,99
2,667,episode_reward,-298.115815
2,667,episode_length,125
2,670,episode_reward,-619.1863
2,670,episode_length,240
2,673,episode_reward,-547.197392
2,673,episode_length,139
2,673,episode_reward,-383.924612
2,673,episode_length,184
2,675,episode_reward,-540.599578
2,675,episode_length,138
2,679,episode_reward,-416.965698
2,679,episode_length,208
2,679,episode_reward,-486.820367
2,679,episode_length,279
2,679,episode_reward,-446.010463
2,679,episode_length,273
2,681,episode_reward,-159.11424
2,681,episode_length,112
2,681,episode_reward,-509.469097
2,681,episode_length,344
2,683,episode_reward,-396.584814
2,683,episode_length,205
2,684,episode_reward,-268.987818
2,684,episode_length,157
2,685,episode_reward,-337.60157
2,685,episode_length,144
2,688,episode_reward,-209.266922
2,688,episode_length,144
2,694,episode_reward,-596.865925
2,694,episode_length,145
2,698,episode_reward,-481.769136
2,698,episode_length,185
2,699,episode_reward,-336.005807
2,699,episode_length,162
2,699,episode_reward,-382.149825
2,699,episode_length,217
2,704,episode_reward,-310.030189
2,704,episode_length,129
2,710,episode_reward,-673.766006
2,710,episode_length,271
2,712,episode_reward,-462.110348
2,712,episode_length,146
2,712,episode_reward,-166.626048
2,712,episode_length,152
2,720,episode_reward,-288.251217
2,720,episode_length,207
2,729,episode_reward,-301.321031
2,729,episode_length,307
2,729,episode_reward,-358.622993
2,729,episode_length,197
2,730,episode_reward,-567.587755
2,730,episode_length,169
2,733,episode_reward,-505.732019
2,733,episode_length,218
2,734,episode_reward,-241.622199
2,734,episode_length,158
2,741,episode_reward,-327.831967
2,741,episode_length,157
2,745,episode_reward,-280.353702
2,745,episode_length,360
2,747,episode_reward,-353.871182
2,747,episode_length,101
2,747,episode_reward,-476.759785
2,747,episode_length,138
2,749,episode_reward,-480.96252
2,749,episode_length,131
2,759,episode_reward,-502.972295
2,759,episode_length,283
2,762,episode_reward,-386.222016
2,762,episode_length,92
2,767,episode_reward,-366.193674
2,767,episode_length,133
2,768,episode_reward,-541.474626
2,768,episode_length,192
2,768,episode_reward,-531.786115
2,768,episode_length,137
2,774,episode_reward,-463.424803
2,774,episode_length,190
2,774,episode_reward,-212.890753
2,774,episode_length,133
2,777,episode_reward,-192.049632
2,777,episode_length,214
2,778,episode_reward,-393.932101
2,778,episode_length,90
2,784,episode_reward,-38.616603
2,784,episode_length,103
2,786,episode_reward,-162.870055
2,786,episode_length,220
2,793,episode_reward,-606.737072
2,793,episode_length,232
2,794,episode_reward,-437.889768
2,794,episode_length,121
2,796,episode_reward,-312.082622
2,796,episode_length,121
2,796,episode_reward,-490.5716
2,796,episode_length,216
2,797,episode_reward,-450.785071
2,797,episode_length,365
2,798,episode_reward,-185.876376
2,798,episode_length,210
2,800,episode_reward,-408.203786
2,800,episode_length,117
2,802,episode_reward,-415.853548
2,802,episode_length,135
2,804,episode_reward,-443.44269
2,804,episode_length,163
2,809,episode_reward,-589.036915
2,809,episode_length,136
2,812,episode_reward,-495.798876
2,812,episode_length,196
2,817,episode_reward,-215.917215
2,817,episode_length,138
2,818,episode_reward,-343.771141
2,818,episode_length,489
2,819,episode_reward,-482.105875
2,819,episode_length,250
2,823,episode_reward,-240.356979
2,823,episode_length,203
2,833,episode_reward,-181.502961
2,833,episode_length,134
2,836,episode_reward,-461.893354
2,836,episode_length,351
2,838,episode_reward,-502.840063
2,838,episode_length,153
2,839,episode_reward,-570.130361
2,839,episode_length,220
2,843,episode_reward,-291.807063
2,843,episode_length,187
2,847,episode_reward,-237.289703
2,847,episode_length,166
2,850,episode_reward,-432.612136
2,850,episode_length,204
2,852,episode_reward,-216.146654
2,852,episode_length,107
2,853,episode_reward,-362.268907
2,853,episode_length,141
2,857,episode_reward,-699.746636
2,857,episode_length,325
2,859,episode_reward,-249.987602
2,859,episode_length,326
2,861,episode_reward,-367.252537
2,861,episode_length,141
2,862,episode_reward,-241.535501
2,862,episode_length,206
2,863,episode_reward,-102.863695
2,863,episode_length,122
2,864,episode_reward,-599.262644
2,864,episode_length,266
2,865,episode_reward,-514.122425
2,865,episode_length,351
2,869,episode_reward,-408.937415
2,869,episode_length,101
2,882,episode_reward,-609.638301
2,882,episode_length,348
2,884,episode_reward,-272.94809
2,884,episode_length,200
2,888,episode_reward,-399.5674
2,888,episode_length,102
2,891,episode_reward,-294.157955
2,891,episode_length,179
2,893,episode_reward,-586.059547
2,893,episode_length,214
2,894,episode_reward,-107.490017
2,894,episode_length,147
2,896,episode_reward,-483.518685
2,896,episode_length,166
2,898,episode_reward,-202.403798
2,898,episode_length,131
2,902,episode_reward,-506.052396
2,902,episode_length,168
2,903,episode_reward,19.879373
2,903,episode_length,156
2,904,episode_reward,-382.746072
2,904,episode_length,210
2,924,episode_reward,-313.464148
2,924,episode_length,162
2,925,episode_reward,-461.504285
2,925,episode_length,314
2,926,episode_reward,-277.771011
2,926,episode_length,122
2,928,episode_reward,-514.752583
2,928,episode_length,229
2,931,episode_reward,-579.881672
2,931,episode_length,182
2,932,episode_reward,-376.020622
2,932,episode_length,114
2,939,episode_reward,-341.948941
2,939,episode_length,229
2,940,episode_reward,-378.180907
2,940,episode_length,162
2,941,episode_reward,-556.32657
2,941,episode_length,212
2,943,episode_reward,-223.600413
2,943,episode_length,239
2,943,episode_reward,-437.885516
2,943,episode_length,150
2,946,episode_reward,-379.204688
2,946,episode_length,99
2,949,episode_reward,-414.215402
2,949,episode_length,147
2,950,episode_reward,-462.058421
2,950,episode_length,93
2,958,episode_reward,-568.81497
2,958,episode_length,260
2,961,episode_reward,-264.035842
2,961,episode_length,177
2,969,episode_reward,-325.293496
2,969,episode_length,290
2,978,episode_reward,-297.240565
2,978,episode_length,249
2,979,episode_reward,-440.810288
2,979,episode_length,181
2,984,episode_reward,-348.390281
2,984,episode_length,122
2,985,episode_reward,-444.794963
2,985,episode_length,126
2,986,episode_reward,-146.5967
2,986,episode_length,125
2,988,episode_reward,-390.285144
2,988,episode_length,176
2,994,episode_reward,-439.562157
2,994,episode_length,200
2,995,episode_reward,-472.30818
2,995,episode_length,142
2,995,episode_reward,-748.332901
2,995,episode_length,195
2,996,episode_reward,-812.269007
2,996,episode_length,444
2,996,episode_reward,-193.128109
2,996,episode_length,222
2,997,episode_reward,-254.394679
2,997,episode_length,188
2,1001,episode_reward,-406.527026
2,1001,episode_length,227
2,1003,episode_reward,-190.491129
2,1003,episode_length,160
2,1003,episode_reward,-399.277079
2,1003,episode_length,180
2,1004,episode_reward,-336.417881
2,1004,episode_length,185
2,1017,episode_reward,-605.83532
2,1017,episode_length,221
2,1018,episode_reward,-617.301067
2,1018,episode_length,120
2,1021,episode_reward,-360.576522
2,1021,episode_length,244
2,1027,episode_reward,-297.943149
2,1027,episode_length,364
2,1032,episode_reward,-369.152965
2,1032,episode_length,144
2,1035,episode_reward,-447.627075
2,1035,episode_length,197
2,1037,episode_reward,-390.855014
2,1037,episode_length,304
2,1038,episode_reward,-475.912588
2,1038,episode_length,107
2,1041,episode_reward,-414.600022
2,1041,episode_length,244
2,1042,episode_reward,-224.723457
2,1042,episode_length,428
2,1042,episode_reward,-124.185952
2,1042,episode_length,149
2,1045,episode_reward,-344.212507
2,1045,episode_length,120
2,1052,episode_reward,-421.835996
2,1052,episode_length,219
2,1054,episode_reward,-187.832883
2,1054,episode_length,258
2,1060,episode_reward,-395.279014
2,1060,episode_length,166
2,1061,episode_reward,-270.031694
2,1061,episode_length,118
2,1068,episode_reward,-591.404265
2,1068,episode_length,203
2,1072,episode_reward,-411.26167
2,1072,episode_length,129
2,1076,episode_reward,-287.664636
2,1076,episode_length,172
2,1087,episode_reward,-468.417361
2,1087,episode_length,237
2,1095,episode_reward,-263.463292
2,1095,episode_length,211
2,1102,episode_reward,-433.086121
2,1102,episode_length,199
2,1102,episode_reward,-316.599279
2,1102,episode_length,285
2,1105,episode_reward,-252.646211
2,1105,episode_length,102
2,1108,episode_reward,-596.282033
2,1108,episode_length,147
2,1108,episode_reward,-376.035653
2,1108,episode_length,272
2,1109,episode_reward,-316.200421
2,1109,episode_length,131
2,1110,episode_reward,-399.86321
2,1110,episode_length,184
2,1116,episode_reward,-327.372283
2,1116,episode_length,277
2,1116,episode_reward,-290.784802
2,1116,episode_length,115
2,1121,episode_reward,-317.835993
2,1121,episode_length,269
2,1126,episode_reward,-490.35472
2,1126,episode_length,132
2,1126,episode_reward,-290.788566
2,1126,episode_length,235
2,1128,episode_reward,-263.508332
2,1128,episode_length,140
2,1129,episode_reward,-560.904045
2,1129,episode_length,361
2,1134,episode_reward,-366.787855
2,1134,episode_length,194
2,1136,episode_reward,-172.621629
2,1136,episode_length,133
2,1143,episode_reward,-415.778187
2,1143,episode_length,148
2,1146,episode_reward,-330.757728
2,1146,episode_length,387
2,1146,episode_reward,-534.710811
2,1146,episode_length,142
2,1147,episode_reward,-373.984699
2,1147,episode_length,152
2,1149,episode_reward,-234.281894
2,1149,episode_length,221
2,1150,episode_reward,-558.657495
2,1150,episode_length,281
2,1160,episode_reward,-204.748404
2,1160,episode_length,214
2,1168,episode_reward,-507.509385
2,1168,episode_length,227
2,1173,episode_reward,-281.497178
2,1173,episode_length,176
2,1174,episode_reward,-683.348774
2,1174,episode_length,242
2,1175,episode_reward,-650.142611
2,1175,episode_length,206
2,1177,episode_reward,-379.687465
2,1177,episode_length,136
2,1180,episode_reward,-677.00745
2,1180,episode_length,284
2,1183,episode_reward,-245.244414
2,1183,episode_length,199
2,1184,episode_reward,-396.146997
2,1184,episode_length,142
2,1187,episode_reward,-461.977627
2,1187,episode_length,115
2,1191,episode_reward,-310.422556
2,1191,episode_length,195
2,1195,episode_reward,-415.67714
2,1195,episode_length,174
2,1196,episode_reward,-287.883538
2,1196,episode_length,151
2,1198,episode_reward,-475.266015
2,1198,episode_length,202
2,1201,episode_reward,-355.481624
2,1201,episode_length,141
2,1202,episode_reward,-376.385019
2,1202,episode_length,115
2,1211,episode_reward,-291.870169
2,1211,episode_length,193
2,1216,episode_reward,-582.06699
2,1216,episode_length,230
2,1218,episode_reward,-337.995561
2,1218,episode_length,183
2,1222,episode_reward,-207.089379
2,1222,episode_length,358
2,1223,episode_reward,-504.540011
2,1223,episode_length,341
2,1224,episode_reward,-790.925032
2,1224,episode_length,274
2,1225,episode_reward,-519.313539
2,1225,episode_length,99
2,1227,episode_reward,-441.635065
2,1227,episode_length,125
2,1233,episode_reward,-9.570653
2,1233,episode_length,107
2,1235,episode_reward,-401.178903
2,1235,episode_length,296
2,1238,episode_reward,-493.967598
2,1238,episode_length,336
2,1244,episode_reward,-260.612502
2,1244,episode_length,227
2,1245,episode_reward,-291.431524
2,1245,episode_length,218
2,1245,episode_reward,-317.157074
2,1245,episode_length,208
2,1245,episode_reward,-398.698766
2,1245,episode_length,137
2,1247,episode_reward,-429.589336
2,1247,episode_length,179
2,1248,episode_reward,-502.994122
2,1248,episode_length,269
2,1251,episode_reward,-477.170803
2,1251,episode_length,190
2,1252,episode_reward,18.103691
2,1252,episode_length,136
2,1254,episode_reward,-308.308595
2,1254,episode_length,107
2,1256,episode_reward,-579.340144
2,1256,episode_length,122
2,1267,episode_reward,2.185081
2,1267,episode_length,158
2,1277,episode_reward,-282.779345
2,1277,episode_length,117
2,1278,episode_reward,-513.585601
2,1278,episode_length,240
2,1278,episode_reward,-791.833142
2,1278,episode_length,293
2,1279,episode_reward,-315.941523
2,1279,episode_length,163
2,1280,episode_reward,-601.780496
2,1280,episode_length,112
2,1283,episode_reward,-271.358554
2,1283,episode_length,173
2,1284,episode_reward,-657.287502
2,1284,episode_length,232
2,1288,episode_reward,-605.549683
2,1288,episode_length,138
2,1293,episode_reward,-417.112954
2,1293,episode_length,150
2,1294,episode_reward,-236.199954
2,1294,episode_length,262
2,1299,episode_reward,-229.530959
2,1299,episode_length,108
2,1303,episode_reward,-146.646697
2,1303,episode_length,92
2,1304,episode_reward,-530.741126
2,1304,episode_length,250
2,1307,episode_reward,-379.202846
2,1307,episode_length,132
2,1310,episode_reward,-436.026154
2,1310,episode_length,215
2,1310,episode_reward,-467.002658
2,1310,episode_length,268
2,1320,episode_reward,-326.249489
2,1320,episode_length,192
2,1324,episode_reward,-321.258774
2,1324,episode_length,375
2,1324,episode_reward,-187.890862
2,1324,episode_length,128
2,1327,episode_reward,-134.91896
2,1327,episode_length,143
2,1329,episode_reward,-9.400301
2,1329,episode_length,200
2,1329,episode_reward,-25.507594
2,1329,episode_length,183
2,1335,episode_reward,-856.57502
2,1335,episode_length,411
2,1335,episode_reward,-204.573709
2,1335,episode_length,227
2,1341,episode_reward,-548.97497
2,1341,episode_length,205
2,1348,episode_reward,20.751131
2,1348,episode_length,132
2,1352,episode_reward,-233.255711
2,1352,episode_length,157
2,1362,episode_reward,-469.94404
2,1362,episode_length,144
2,1362,episode_reward,-179.248969
2,1362,episode_length,216
2,1362,episode_reward,-242.059208
2,1362,episode_length,138
2,1371,episode_reward,-240.052322
2,1371,episode_length,119
2,1372,episode_reward,-467.83194
2,1372,episode_length,185
2,1374,episode_reward,-379.951051
2,1374,episode_length,272
2,1376,episode_reward,-411.091638
2,1376,episode_length,175
2,1379,episode_reward,-408.194386
2,1379,episode_length,202
2,1381,episode_reward,-216.539708
2,1381,episode_length,127
2,1382,episode_reward,-480.933407
2,1382,episode_length,202
2,1387,episode_reward,-336.610576
2,1387,episode_length,165
2,1387,episode_reward,-261.134244
2,1387,episode_length,162
2,1391,episode_reward,-40.884383
2,1391,episode_length,168
2,1392,episode_reward,-527.089589
2,1392,episode_length,529
2,1399,episode_reward,-432.232379
2,1399,episode_length,152
2,1411,episode_reward,2.299175
2,1411,episode_length,101
2,1411,episode_reward,-294.905219
2,1411,episode_length,238
2,1414,episode_reward,-89.075836
2,1414,episode_length,265
2,1416,episode_reward,-533.724817
2,1416,episode_length,160
2,1426,episode_reward,-490.933921
2,1426,episode_length,175
2,1427,episode_reward,-456.414075
2,1427,episode_length,144
2,1427,episode_reward,-722.001731
2,1427,episode_length,351
2,1428,episode_reward,-619.928966
2,1428,episode_length,245
2,1431,episode_reward,-394.672285
2,1431,episode_length,198
2,1432,episode_reward,-623.600559
2,1432,episode_length,327
2,1432,episode_reward,-279.998037
2,1432,episode_length,311
2,1433,episode_reward,-408.415914
2,1433,episode_length,155
2,1436,episode_reward,-298.318932
2,1436,episode_length,156
2,1436,episode_reward,-270.122982
2,1436,episode_length,107
2,1447,episode_reward,-433.997415
2,1447,episode_length,140
2,1447,episode_reward,-80.589418
2,1447,episode_length,180
2,1447,episode_reward,-216.770727
2,1447,episode_length,127
2,1451,episode_reward,-263.519884
2,1451,episode_length,127
2,1453,episode_reward,-560.789385
2,1453,episode_length,495
2,1458,episode_reward,-336.803931
2,1458,episode_length,117
2,1464,episode_reward,-295.407503
2,1464,episode_length,154
2,1467,episode_reward,-549.877705
2,1467,episode_length,173
2,1468,episode_reward,-313.893161
2,1468,episode_length,230
2,1470,episode_reward,-225.8368
2,1470,episode_length,222
2,1477,episode_reward,-195.407218
2,1477,episode_length,105
2,1480,episode_reward,-399.899206
2,1480,episode_length,196
2,1481,episode_reward,-288.296837
2,1481,episode_length,100
2,1483,episode_reward,-257.330041
2,1483,episode_length,148
2,1484,episode_reward,-200.618437
2,1484,episode_length,206
2,1486,episode_reward,-869.077865
2,1486,episode_length,284
2,1487,episode_reward,-244.04796
2,1487,episode_length,116
2,1493,episode_reward,-425.795667
2,1493,episode_length,164
2,1494,episode_reward,-413.458953
2,1494,episode_length,217
2,1498,episode_reward,-303.548114
2,1498,episode_length,253
2,1501,episode_reward,-285.875598
2,1501,episode_length,166
2,1506,episode_reward,-602.079923
2,1506,episode_length,144
2,1508,episode_reward,-241.119548
2,1508,episode_length,281
2,1510,episode_reward,-399.538534
2,1510,episode_length,231
2,1512,episode_reward,-235.624759
2,1512,episode_length,338
2,1514,episode_reward,-450.199325
2,1514,episode_length,279
2,1524,episode_reward,-244.188194
2,1524,episode_length,225
2,1524,episode_reward,-425.392381
2,1524,episode_length,132
2,1527,episode_reward,-423.883166
2,1527,episode_length,151
2,1538,episode_reward,-345.554588
2,1538,episode_length,164
2,1538,episode_reward,-115.595491
2,1538,episode_length,147
2,1541,episode_reward,-506.838612
2,1541,episode_length,179
2,1544,episode_reward,-808.02082
2,1544,episode_length,217
2,1545,episode_reward,-332.590498
2,1545,episode_length,252
2,1548,episode_reward,-576.212025
2,1548,episode_length,122
2,1551,episode_reward,-70.25817
2,1551,episode_length,140
2,1558,episode_reward,-440.663851
2,1558,episode_length,254
2,1559,episode_reward,-214.218711
2,1559,episode_length,112
2,1559,episode_reward,-985.154749
2,1559,episode_length,271
2,1563,episode_reward,-536.383749
2,1563,episode_length,176
2,1568,episode_reward,-382.571323
2,1568,episode_length,220
2,1568,episode_reward,-245.108003
2,1568,episode_length,132
2,1573,episode_reward,-202.27639
2,1573,episode_length,126
2,1576,episode_reward,-343.554489
2,1576,episode_length,331
2,1583,episode_reward,-424.835195
2,1583,episode_length,102
2,1583,episode_reward,-193.510741
2,1583,episode_length,125
2,1585,episode_reward,-36.780465
2,1585,episode_length,186
2,1585,episode_reward,-392.980816
2,1585,episode_length,138
2,1590,episode_reward,-16.646921
2,1590,episode_length,103
2,1590,episode_reward,-530.00759
2,1590,episode_length,345
2,1594,episode_reward,-330.941367
2,1594,episode_length,111
2,1597,episode_reward,-743.82963
2,1597,episode_length,353
2,1597,episode_reward,-163.626659
2,1597,episode_length,165
2,1598,episode_reward,-303.69561
2,1598,episode_length,118
2,1602,episode_reward,-454.200329
2,1602,episode_length,215
2,1604,episode_reward,-364.109631
2,1604,episode_length,171
2,1610,episode_reward,-402.462358
2,1610,episode_length,183
2,1615,episode_reward,-387.379308
2,1615,episode_length,117
2,1619,episode_reward,-353.718762
2,1619,episode_length,203
2,1620,episode_reward,-389.972465
2,1620,episode_length,134
2,1623,episode_reward,-228.957579
2,1623,episode_length,299
2,1625,episode_reward,-234.374991
2,1625,episode_length,124
2,1626,episode_reward,-372.001998
2,1626,episode_length,102
2,1633,episode_reward,-476.878689
2,1633,episode_length,271
2,1642,episode_reward,-269.706145
2,1642,episode_length,263
2,1645,episode_reward,-570.168362
2,1645,episode_length,181
2,1649,episode_reward,-620.405858
2,1649,episode_length,451
2,1649,episode_reward,-474.35229
2,1649,episode_length,238
2,1651,episode_reward,-244.751651
2,1651,episode_length,124
2,1652,episode_reward,-223.918269
2,1652,episode_length,159
2,1654,episode_reward,-293.646191
2,1654,episode_length,148
2,1655,episode_reward,-581.412422
2,1655,episode_length,202
2,1662,episode_reward,-545.830256
2,1662,episode_length,185
2,1665,episode_reward,-507.123895
2,1665,episode_length,124
2,1675,episode_reward,-570.198066
2,1675,episode_length,248
2,1678,episode_reward,-429.661429
2,1678,episode_length,166
2,1681,episode_reward,-635.243133
2,1681,episode_length,253
2,1684,episode_reward,-111.137959
2,1684,episode_length,160
2,1685,episode_reward,-373.163949
2,1685,episode_length,382
2,1691,episode_reward,-288.889178
2,1691,episode_length,147
2,1693,episode_reward,-245.899957
2,1693,episode_length,226
2,1694,episode_reward,-309.598196
2,1694,episode_length,243
2,1694,episode_reward,-459.705942
2,1694,episode_length,111
2,1694,episode_reward,-543.340389
2,1694,episode_length,262
2,1694,episode_reward,-295.829278
2,1694,episode_length,224
2,1696,episode_reward,-352.510207
2,1696,episode_length,260
2,1700,episode_reward,-513.140953
2,1700,episode_length,117
2,1703,episode_reward,-285.517942
2,1703,episode_length,195
2,1709,episode_reward,-266.655136
2,1709,episode_length,225
2,1711,episode_reward,-326.359685
2,1711,episode_length,217
2,1715,episode_reward,-284.545793
2,1715,episode_length,152
2,1721,episode_reward,-447.281672
2,1721,episode_length,153
2,1725,episode_reward,-247.929753
2,1725,episode_length,149
2,1729,episode_reward,-910.238763
2,1729,episode_length,315
2,1730,episode_reward,-35.521904
2,1730,episode_length,171
2,1734,episode_reward,-20.118102
2,1734,episode_length,161
2,1734,episode_reward,-508.442088
2,1734,episode_length,224
2,1734,episode_reward,-300.871948
2,1734,episode_length,137
2,1736,episode_reward,-702.788074
2,1736,episode_length,138
2,1737,episode_reward,-362.243781
2,1737,episode_length,189
2,1741,episode_reward,-272.997959
2,1741,episode_length,144
2,1742,episode_reward,-216.61373
2,1742,episode_length,140
2,1742,episode_reward,-173.971654
2,1742,episode_length,204
2,1744,episode_reward,-131.02312
2,1744,episode_length,129
2,1747,episode_reward,-350.81793
2,1747,episode_length,209
2,1752,episode_reward,-520.426773
2,1752,episode_length,321
2,1753,episode_reward,-562.115757
2,1753,episode_length,134
2,1764,episode_reward,-406.805756
2,1764,episode_length,131
2,1765,episode_reward,-134.862931
2,1765,episode_length,207
2,1765,episode_reward,-251.645633
2,1765,episode_length,120
2,1766,episode_reward,-464.862464
2,1766,episode_length,117
2,1768,episode_reward,-295.825246
2,1768,episode_length,116
2,1780,episode_reward,-192.954749
2,1780,episode_length,212
2,1796,episode_reward,-787.718624
2,1796,episode_length,237
2,1800,episode_reward,-398.441306
2,1800,episode_length,119
2,1800,episode_reward,-477.31296
2,1800,episode_length,106
2,1803,episode_reward,-201.360554
2,1803,episode_length,421
2,1803,episode_reward,-133.609731
2,1803,episode_length,289
2,1805,episode_reward,-354.575189
2,1805,episode_length,179
2,1810,episode_reward,-493.993772
2,1810,episode_length,206
2,1811,episode_reward,-247.874175
2,1811,episode_length,266
2,1812,episode_reward,-353.030195
2,1812,episode_length,189
2,1816,episode_reward,-333.261679
2,1816,episode_length,138
2,1824,episode_reward,-192.341569
2,1824,episode_length,124
2,1824,episode_reward,-362.552612
2,1824,episode_length,162
2,1829,episode_reward,-352.018015
2,1829,episode_length,135
2,1829,episode_reward,-379.374688
2,1829,episode_length,180
2,1834,episode_reward,-175.533164
2,1834,episode_length,169
2,1834,episode_reward,-305.020522
2,1834,episode_length,150
2,1842,episode_reward,-762.886858
2,1842,episode_length,257
2,1846,episode_reward,-210.995729
2,1846,episode_length,137
2,1850,episode_reward,-327.133316
2,1850,episode_length,159
2,1851,episode_reward,-620.671183
2,1851,episode_length,226
2,1863,episode_reward,-292.33629
2,1863,episode_length,395
2,1869,episode_reward,-245.353577
2,1869,episode_length,166
2,1872,episode_reward,-469.016342
2,1872,episode_length,287
2,1873,episode_reward,-294.615758
2,1873,episode_length,105
2,1876,episode_reward,-229.265237
2,1876,episode_length,256
2,1880,episode_reward,-131.431645
2,1880,episode_length,229
2,1885,episode_reward,-334.971355
2,1885,episode_length,133
2,1886,episode_reward,-460.425639
2,1886,episode_length,190
2,1886,episode_reward,-879.551403
2,1886,episode_length,296
2,1889,episode_reward,-380.892041
2,1889,episode_length,214
2,1892,episode_reward,-345.747241
2,1892,episode_length,158
2,1897,episode_reward,-20.081741
2,1897,episode_length,94
2,1898,episode_reward,-489.865261
2,1898,episode_length,98
2,1899,episode_reward,-358.034203
2,1899,episode_length,245
2,1907,episode_reward,-265.889304
2,1907,episode_length,317
2,1909,episode_reward,-553.502788
2,1909,episode_length,175
2,1912,episode_reward,-210.808329
2,1912,episode_length,361
2,1915,episode_reward,-530.479728
2,1915,episode_length,204
2,1916,episode_reward,-397.365772
2,1916,episode_length,306
2,1916,episode_reward,-343.954159
2,1916,episode_length,163
2,1918,episode_reward,-394.798991
2,1918,episode_length,276
2,1919,episode_reward,-588.0554
2,1919,episode_length,264
2,1923,episode_reward,-277.004093
2,1923,episode_length,179
2,1923,episode_reward,-357.145928
2,1923,episode_length,329
2,1925,episode_reward,-413.194423
2,1925,episode_length,200
2,1927,episode_reward,-240.436773
2,1927,episode_length,117
2,1928,episode_reward,-308.074571
2,1928,episode_length,198
2,1936,episode_reward,-402.348016
2,1936,episode_length,202
2,1941,episode_reward,-368.81023
2,1941,episode_length,247
2,1942,episode_reward,-418.670242
2,1942,episode_length,248
2,1945,episode_reward,31.889696
2,1945,episode_length,149
2,1950,episode_reward,-299.581446
2,1950,episode_length,186
2,1951,episode_reward,-268.842242
2,1951,episode_length,210
2,1951,episode_reward,-458.871765
2,1951,episode_length,127
2,1953,episode_reward,-228.569911
2,1953,episode_length,141
2,1960,episode_reward,-137.132353
2,1960,episode_length,126
2,1967,episode_reward,-346.081906
2,1967,episode_length,246
2,1968,episode_reward,25.55421
2,1968,episode_length,118
2,1968,episode_reward,-334.500348
2,1968,episode_length,203
2,1975,episode_reward,-123.4524
2,1975,episode_length,129
2,1978,episode_reward,-192.262763
2,1978,episode_length,109
2,1980,episode_reward,-409.965148
2,1980,episode_length,151
2,1981,episode_reward,-331.232706
2,1981,episode_length,101
2,1988,episode_reward,-440.132833
2,1988,episode_length,636
2,1989,episode_reward,-453.393478
2,1989,episode_length,253
2,1990,episode_reward,-426.325099
2,1990,episode_length,275
2,1990,episode_reward,-434.998132
2,1990,episode_length,224
2,1996,episode_reward,-170.847728
2,1996,episode_length,196
2,1996,episode_reward,-297.806888
2,1996,episode_length,167
2,1999,episode_reward,-288.542005
2,1999,episode_length,123
2,2001,episode_reward,-557.770161
2,2001,episode_length,254
2,2001,episode_reward,-196.167039
2,2001,episode_length,92
2,2002,episode_reward,-287.774945
2,2002,episode_length,110
2,2003,episode_reward,-166.176221
2,2003,episode_length,179
2,2007,episode_reward,-419.186653
2,2007,episode_length,270
2,2017,episode_reward,-583.773543
2,2017,episode_length,237
2,2018,episode_reward,-590.482347
2,2018,episode_length,289
2,2018,episode_reward,-518.136554
2,2018,episode_length,145
2,2019,episode_reward,14.564684
2,2019,episode_length,134
2,2022,episode_reward,-213.159916
2,2022,episode_length,124
2,2028,episode_reward,-462.057162
2,2028,episode_length,165
2,2032,episode_reward,-447.025715
2,2032,episode_length,146
2,2033,episode_reward,-566.93324
2,2033,episode_length,134
2,2033,episode_reward,-414.62226
2,2033,episode_length,268
2,2035,episode_reward,-464.266142
2,2035,episode_length,219
2,2038,episode_reward,-268.826355
2,2038,episode_length,233
2,2042,episode_reward,63.806358
2,2042,episode_length,126
